/scratch/brindesc/my-repos/anathema/ab4c1af7539a6eaeb1afee18b94bd20d40e657a9,Caius Brindescu
dfe5d57812db6f17a1c4a16d9ff618822a3797c0,Caius Brindescu
c680dbc1fc3880861443b830de92a96b4f4c0573,Caius Brindescu
3073e1ad04df30b96d188c87190e696aca7c9478,Caius Brindescu
e7d515d3748780ab0c31191fc63ae35da9145503,Caius Brindescu
2db2499589a87c4d5d75e4d157106df69159cb15,Caius Brindescu
f8ddd9b54b4dfeaf74af74b41d0a66e206e6c668,Caius Brindescu
c28a07e0b30c53b86409d7613872940e9c3a6ed2,Caius Brindescu
ce2bc26dc649bf6d97d795df531dd46739daa90b,Caius Brindescu
d61782a5068541be5bbba69b506a5c5f68fb23df,Caius Brindescu
c2281ac1fa1bf3fecc619969ceef476a32fad96f,Caius Brindescu
1b2146891175e6874b708e4b6af477e69043f9c3,Caius Brindescu
a17255b9551e4a3560ad0ac842d41f7907951250,Caius Brindescu
492d800f24a098479dfca20ef03a48a8a539c6db,Caius Brindescu
9df6d5ac33f351df88fe4530de7b326416c9529e,Caius Brindescu
7b73e9e16248f2d336477a4be72eb91037198de7,Caius Brindescu
27efb39eb9a8b50015234ae87eb57f8a2ed391bd,Caius Brindescu
75335d7e7de5ca18c7ee54e0dfde7a78da1ae42d,Caius Brindescu
99590cee5bffd69e5885babedbe80130fdca187b,Caius Brindescu
5e40eb6c08b2e9ab28e015268f5ca1bdd2a781d9,Caius Brindescu
b41d263685b1ab9ddcc3382246cba2582e816811,Caius Brindescu
4784f3caaf1d5c0ffa560f22d2da9b1829a29994,Caius Brindescu
e4624215043f7c13340e732ec338fbcd455f2c9b,Caius Brindescu
08278d497f6de25baddf4363a8df0d3ca7fe32ad,Caius Brindescu
0ec0d9100f2099c65fb40630f735092b7b10fdae,Caius Brindescu
a81b6a5f8e88460084d489e985abb81dea11a379,Caius Brindescu
56fa3e264f1e482c640b21bb4df22d59c1457dd7,Caius Brindescu
0e9d08d0c1d584e9577cce9c1cc3455f2cb7f690,Caius Brindescu
0f3fc5431d08a2a30bdcfe7a44884b8b27063964,Caius Brindescu
d69ac88578499f9d51de75d0121b0da821c48f76,Caius Brindescu
91133d68de42d2bd1a0f675813786df67fc08838,Caius Brindescu
e9b73fcba908bfea1f38c4653e10e3a8b0257628,Caius Brindescu
86c4b8f876057828efc5d52ecb9eee89ae364388,Caius Brindescu
4eb4d41818920ea6c70ae1231f7dfc2f77261f6b,Caius Brindescu
99f4a7a8b31b90c1d8d978e14080580a47c7cf4f,Caius Brindescu
c34a023add5bf510c10d8162dd1a09cbe3d7a86e,Caius Brindescu
574cef0171581c47ebbd60bd8e5481e8d0af3f0b,Caius Brindescu
b1541437647d9a0a126e796c9cccb8d2f95e5a01,Caius Brindescu
13b34b0316eacad7b52dd83ee632436829cf9157,Caius Brindescu
86caeeba7874ecba456b533e52224db1991196d2,Caius Brindescu
e9a8b69cdad46ab9c9df450f47d47225f60b4eca,Caius Brindescu
a7242308018425a8003cb4fed651c772d9ae2362,Caius Brindescu
b92065e0c4026525b4957ebe412be4b6d1a4a953,Caius Brindescu
d8e617828e4802ad5c673fe610647aed2498b7ad,Caius Brindescu
cbc5bcbe5bf4c2270e9dd80f3acfc8be039fa07a,Caius Brindescu
323f647bad3e59e965d2068fabed89d333d07046,Caius Brindescu
18e53360420b1ac701a881aef18d438b2fa1a2dc,Caius Brindescu
988799553755561f30fa9905144f516e261ff6f0,Caius Brindescu
9041e1209bb7e518f19ace7a093ac853db584d88,Caius Brindescu
b64dcbf96ccd760b09832737b526f62a67bdd618,Caius Brindescu
a6a9174e85850953c5780b0709c135ce42ba8809,Caius Brindescu
919d5b6695d04d25401f9528625dacd3d96dc78a,Caius Brindescu
acf3063d82a9fd1b299baf27af97623359ec7798,Caius Brindescu
0c340c85234112bfb8254aa7467914b990bd8091,Caius Brindescu
558ed3b8ab655ca807d4136cefb4b9efbe6ed245,Caius Brindescu
1dc029843e601f8198dadcf0da2fd5a37cdf3f8f,Caius Brindescu
382324c503ceb0db456346c8cfe58045d2671e67,Caius Brindescu
a9676f35e5d1fb367988d00946fb4f4f651d0513,Caius Brindescu
02201e0b6e567c9284b03285b80761c635bd4cfe,Caius Brindescu
bc96f0ffa4e448972d8eb2bed1a5932af2b67bdb,Caius Brindescu
433210ee363261e3f7675296cdcbf1577fa6c206,Caius Brindescu
8f0f8299339bf703783bea767cf8157222a64ff5,Caius Brindescu
d90431e66f380aeaf030cc20018b5db0a721be64,Caius Brindescu
2cc2c0da3e6b5ca631d6e562d2caaa8a13775a08,Caius Brindescu
271bc31270add210a14ae80d8bfac795faabc4a3,Caius Brindescu
7f187152b6ea35f74f90079143c6eb872000217d,Caius Brindescu
1c94c220adbf0729a8d6f60aed2440d72f1cb7d0,Caius Brindescu
3e47e24bf0bad62b44447314cda3857ed37400a7,Caius Brindescu
da7f488fbbca05c4db5ecd2d45129c4613fe0473,Caius Brindescu
486d35b548de72d750ecea48c0a454e3d4a851fa,Caius Brindescu
347fe8ac9df1504d315d48a2b45d5630473ee61d,Caius Brindescu
1281d1c030b78f2d774a183913ec72bb24a5ea26,Caius Brindescu
8a409ec8a6e0019ee948a25d72a93174b2f17acf,Caius Brindescu
d09b52d5ec9f0cd449adc03c40da60f04d8561dd,Caius Brindescu
92fd783d7c21f6b8f61d5c9139419a8261869b47,Caius Brindescu
fb0f20799f1937be0206c5e6db4caaf32161853c,Caius Brindescu
f54b16af7e6e65e929a2f9a91f7c5e0d3aff4332,Caius Brindescu
bbe1c17fe7b6c69679e1805047a2740d6b0454b4,Caius Brindescu
b1fc65cb0eb5068d871292716126f39e35d666f0,Caius Brindescu
fbeac82c17c4ade732392bf73950034912203452,Caius Brindescu
49aec39592f39e32a734c92798510c00a05f8e66,Caius Brindescu
329d1e1a907750a463c2d0b1ae1468ba25a41ab3,Caius Brindescu
abf73ca02497ea9e9473df42846e049cd35d2e28,Caius Brindescu
125202504e061c972d3d1f03f730824b34060b6d,Caius Brindescu
af3f1f07351dfe17b8855b2c14ee30f927a35018,Caius Brindescu
c6cf7b4c1afe43502390a14d4d9e2b5e6e8f66cd,Caius Brindescu
f7465d3e3ba055c4ba2c82e87863e6c0f8fb7f7a,Caius Brindescu
ffa58a9869b2b7495b3a28d4f8284eeb339a26ac,Caius Brindescu
06feda2ea4c45ba2b363218bc954702e8fa47f96,Caius Brindescu
6e0e903affdff9df980ff03f8ccf1c97dfb2a863,Caius Brindescu
b1d44df8a9156d9e3f457936d2307c71d071c31a,Caius Brindescu
f3ccdec6d63e29d5c6a1ac59686e51c01326e78b,Caius Brindescu
6ad9032814f697a59881a3cddea1b780f01bc0d1,Caius Brindescu
c9be1f50d83aa47c909de3b5f004b91eaf956102,Caius Brindescu
43250b5b3c49c806051947c3f40a56df3f9687fe,Caius Brindescu
f5ee02c6907f8ef195143580e9a868156e646d5e,Caius Brindescu
92cf44f148f8f50c60788e214e6d2fdfe90d7d3c,Caius Brindescu
14f1efb82951f9bef85ae46c9f2fed5bbfffc75b,Caius Brindescu
378e67519cb4ff7c048de84d516c602ee43bee3e,Caius Brindescu
69aa1d5d7d483ccf9d392e1c78f26accb9bca0cd,Caius Brindescu
ceb859277ff707a9e34c42df1da72f1090d67154,Caius Brindescu
c766b66638abf2fbfee21be2a111a457bee26da4,Caius Brindescu
ceada1eee26661807247655d646cce85b0b5c438,Caius Brindescu
10bd92f67b1edd96ab41adf7990a27c504612573,Caius Brindescu
609724459fc95a1aabe807ac9f23bf68f7f6bdba,Caius Brindescu
c36312f38170ced1ab141426bc16921f74eda270,Caius Brindescu
d7e6664d65ae0a4ac85e9ca27539f629f0e426e2,Caius Brindescu
573dfa25a355d709e1ed84269fcbb29b71790d3f,Caius Brindescu
0b8b5a338ffdf56b6d3da5a67b14bbfed99ca03a,Caius Brindescu
96231ef999b3cfef45860ae7d0eacc09bcf3671c,Caius Brindescu
916514188de1f6af794521687956f06ca9ca5586,Caius Brindescu
46486132c583d6f320655f7aaf94e041fa89e45d,Caius Brindescu
07965b03c9b45f94a50444a9d34f9bf9bf7a481d,Caius Brindescu
dade14dfeff96af23bc29dc9594cebd66fc2a342,Caius Brindescu
99b719bccf689435d2b550513181025516d95bd0,Caius Brindescu
0219f58eb6fca3d9fbe7bda2b7abbb65ee56748a,Caius Brindescu
1f999f989b2183d2292d50e3b77b9d8bcfadac42,Caius Brindescu
5e6f745d101a83b2a486584a866da79173b86389,Caius Brindescu
3a111b9c472e594507fbfa044f89120f96c50504,Caius Brindescu
455fbe79a476813cd508f4415414ed266b1baa25,Caius Brindescu
4c07d9273a8256eb743b63e777086ee658b8ef16,Caius Brindescu
a6228b2340b7c14f4a6dc9bbd8d54efbde513030,Caius Brindescu
9036171a8c090edd0b4e6bfb0e66ecfffc5f0918,Caius Brindescu
2aa45ccda37134051e273747f9c48ad843564e6c,Caius Brindescu
acc9af5609e89cefe7b3f63f8bf1b74677e159c2,Caius Brindescu
83ee6037724910247ba0f853a9b34303668248c8,Caius Brindescu
873f8ad54560b3bc574fd0771ac9f33e20415f66,Caius Brindescu
4de80eaf85c36c93b73d68b95cc126f54b56e7e6,Caius Brindescu
67f2fd26d2fba6b2b7c86694e1c1752adcb03639,Caius Brindescu
0f18b087ae7c8de39c8ea4b9fe877cfddbaf8ab1,Caius Brindescu
b38e6c9bf484df50ecf3fdbc21fc35812f315d20,Caius Brindescu
6b95c6c3a8069e6afbf3146085bef27f360e010f,Caius Brindescu
1c6d20bc7d0fd7219f2a8a9b72cff965bfb8b4da,Caius Brindescu
49384389db57c2c92b44be6adc7ad3a3f8b2ac5c,Caius Brindescu
764f6c220ef0223c34f37aa46748bb0f68f9cab0,Caius Brindescu
0085461e0a7b6fbb1d4e196f7ba850c72fe53812,Caius Brindescu
e43fc6a269dcb1ad59cb33737127f8d334fadd7d,Caius Brindescu
622add97f4b059600c7a48c5de630c86623e5098,Caius Brindescu
19a7e0bef8ce421f735899fbbacf23ec108ed47b,Caius Brindescu
66afb24f9077d71963d37112e75b189b9087a81a,Caius Brindescu
7632d0e628b84182cc667d2b5e32fbaf995237bb,Caius Brindescu
69a20df8a237db362182ea5787681a198063b697,Caius Brindescu
34f3657f641d5025be30083e4c2a76f2d15bb78c,Caius Brindescu
b8ab79b38110aeb1573b18098b8b9906332efe8c,Caius Brindescu
76854ba9f3263f46efa6187f0d3f15cf89c59597,Caius Brindescu
c1caabab578ab6f97a32daae27aea15a1e703800,Caius Brindescu
4a1b6742c3bd063e95623aecbe6201d3ab4d7d1f,Caius Brindescu
7cb21ebb5aaeec23a9508c8b623d42afff152264,Caius Brindescu
a9502f557def0b1ed3954c9688c2510551615b7c,Caius Brindescu
9e9b2c6d54112a9f15c3ec104d382bbf00b9a1c1,Caius Brindescu
614ae843c813c052792d5b6814ced783aa8bf081,Caius Brindescu
ce7007179b138ae33932a282b1df0de55eeead7e,Caius Brindescu
f2d66a2d35cc87f554909460a66df381df99bcf8,Caius Brindescu
d4aa89de650dc347abdcde0ee0c4e1e2a508a92a,Caius Brindescu
a82b47a78498c0c009fa04c95df18e07d5e443c9,Caius Brindescu
0a099b728d91ea787631eea2e970babb0ee74d33,Caius Brindescu
7c137742bdab37b6e3bb9694320e6ffd97b54430,Caius Brindescu
59f4cfbd0466d690393fa1ce9dbf94432b3ff333,Caius Brindescu
71864f998223c1a6a8ccb6301e62aa0d18f27f12,Caius Brindescu
5c0184213cab91901da23ef2bd5a61f389cdec5e,Caius Brindescu
ac55c2f42717fa2737b8059d6593a67bcd352e1d,Caius Brindescu
7b26465148c1087254c4e16ccf0fd3d1543d0702,Caius Brindescu
50c194f0d01746d91e1e8314577a9ca95121b328,Caius Brindescu
fb79cff68f0f11ec3931ba63b36b29b5d975373d,Caius Brindescu
937658f7e66ea240d93fc099e9eeb861ed206f67,Caius Brindescu
8d655dcdaa6bd8832d4e744d1220644630f4c3dc,Caius Brindescu
d3d10c36f76e1b0e49e4d536163495ad6dac8cc0,Caius Brindescu
185da17c541d57d8fb6dc586f0b3092ef3b22422,Caius Brindescu
c793cfafc429760b114673c99bd20a62d33ed919,Caius Brindescu
29947aeb428d3f6d1478b9f9d36ee6e084234f15,Caius Brindescu
93573948e7983727be674efb4cd8d0c86dc74cdf,Caius Brindescu
ccc89ee6a35f4bf95041ac2029117b9eee671aa6,Caius Brindescu
528ca83b5b84b01ca14a9b62cd0999702f92ae4d,Caius Brindescu
c63337568cee9a5acde4a10bda54014004b07ed1,Caius Brindescu
3b40e448f60b01c428ae402d8172a48c26694ae5,Caius Brindescu
0615e6ea44b4c80a931d32c33b905a5eb027e4a9,Caius Brindescu
be0f717fee60ebd8b5eac457afbab4b9c508149a,Caius Brindescu
fb472c9cee09c91c252c233d18851902be974d88,Caius Brindescu
d5b2929addddeeaf7d8ce1c4c41defdcc39835fd,Caius Brindescu
5e105a56c751f139a0eb2441346e5bae1d529c1e,Caius Brindescu
9f3afef64dc04b6a156b57d2ed41369672503d43,Caius Brindescu
ab45361f1fe2eafc025afca42673e37c472052c4,Caius Brindescu
07effddd2f154048efbf5426548dcbe22a70e1d7,Caius Brindescu
37945c9fa01954b4d4f8f67b0ea17df3afc8131c,Caius Brindescu
a3656319bb913a21f814dfc7b79ada0295cf785a,Caius Brindescu
d304772202c21b189d9663beff7d661f41d1be13,Caius Brindescu
bcadc07d56c743be3308b8ddb507aa920fdbcf5f,Caius Brindescu
6749fe576b45c33f2f00b3c2036ece5812ccba52,Caius Brindescu
d6031cbf5f16d49fc6659abc80391119ad573fd4,Caius Brindescu
321f23ff9fdcd89213d6ba3f64f82b6046de5ea4,Caius Brindescu
3d36410d1b85f3a800cff11cfb042299b929c668,Caius Brindescu
4933e6ae3807bc5703d6092fa37eacd84df1abcd,Caius Brindescu
5496d2295cfe63c98042a5bf60e9fb21c4cc322f,Caius Brindescu
da84a07d5b9c3da1d574f6773e83fe2efa680038,Caius Brindescu
aa84cadcf2e034ee52aa44fae540fdf27f112d69,Caius Brindescu
1265b6ba9fdc87a136c2aab8a201b9d810853bbe,Caius Brindescu
7c494583c9ca063cdbbf2641de8377db70cb71eb,Caius Brindescu
a71710926d4c4defcfa51da11eff08c161ab9b3b,Caius Brindescu
541aa2cbb2a7375be4d33f5ddf516603eadca84c,Caius Brindescu
3583d96db765aef6352d580bff87b8562cbd8ce1,Caius Brindescu
acbd7052b225cafdf3f256c313c9b9e6db0b7468,Caius Brindescu
abea485006d317e8a80041fcd3194af204b7d172,Caius Brindescu
7d45907975253b5415bf16567ec0d8ecc0f84ffd,Caius Brindescu
2a79e323d42c21214ea98e0ef38ed14775a3eb34,Caius Brindescu
b7eb7cc9c8a9d037b3b3fe3bd367ab75934e42f9,Caius Brindescu
5d978f660614dc417cea50dd445f1e22c1ad245e,Caius Brindescu
72e5d2f30aa9e2cf9686940c0967a8f5eac1d945,Caius Brindescu
05c631017523712c545dea8155dc2dd3a4822e6b,Caius Brindescu
1276b0615b45a894cbe4993a70f39169051fa350,Caius Brindescu
3bdb5ab2712b7c94801c5db65768e010d25e95d3,Caius Brindescu
c5e7c61087a958b0508a20b5db71b0592c3fe3fb,Caius Brindescu
159418a9c9ddc673451117a1ff3a17722e472d33,Caius Brindescu
86a05f0b78a7bd17724d2b469bfb8fb213ec8530,Caius Brindescu
39a59d3d9b7de827412f8fc6322adf003c6480f3,Caius Brindescu
0d7760ebe69b160b5d010d757b5bc03b8b550dc7,Caius Brindescu
6f97f678d130df771bdaef12137f99a7a6b0bc22,Caius Brindescu
e9b203b20f9c136f39f3daf89b373a118eb29843,Caius Brindescu
3f626741427a8d2544aa059ed7c5742db1c344d2,Caius Brindescu
5dba1cd6a19bc3252a9dfe503c2189ce1a2eef91,Caius Brindescu
dbb8eb0f847a0e6077c29f04494ed71285e6514b,Caius Brindescu
c4d29ec4a19b6fdcff87535d32550f2a479054ba,Caius Brindescu
2517f91d5066d58c5bcfb484035a5db0c948485e,Caius Brindescu
063976f926348f0c2887206881f2e6da6c07c496,Caius Brindescu
4c7167591096d73dd047484551aabed9b5a880c5,Caius Brindescu
6a00e3eb1560aac00d4f259879c50e331651d9e3,Caius Brindescu
735a5c55a7ce164114c6361df8c8fed6cae039c1,Caius Brindescu
b0971f2e693eea48c0d03ee98f9f4fe227bd6978,Caius Brindescu
6bb55078777bfa18fefa7b0e149137b56f358bf6,Caius Brindescu
110704b5571ca46146ff07ebd884c3edc1cc7b72,Caius Brindescu
ae1b2776df33de7288b218ec523b4432257edaa3,Caius Brindescu
a08fa8bb11cf249ff98401324e7bc7e0d08032f9,Caius Brindescu
e511be7822fefb7f5ae3cf287e6a4e97813e1bcb,Caius Brindescu
9dad90b2406fd8b583617cdf678bdf078bd6b7fb,Caius Brindescu
83e0b65f9254614a29a2fd40485852227dc12781,Caius Brindescu
982774031e365d91ef41a5eb4e913c6216c7c2f4,Caius Brindescu
9386a79d189ae93b1e20ad5f840603904427a542,Caius Brindescu
24713536c2881a249fa129a99a25321aea68cde9,Caius Brindescu
206a8ec939907a8f5d0c75299455c2a75711f148,Caius Brindescu
3ce2851f67717778a5d1006db3180a434c3aace9,Caius Brindescu
a5fba1dc4bf0671e7624d6106e71a2bedbe7e3b7,Caius Brindescu
9c1d7c9b9b934bb07aa965389a769bb1a82967d2,Caius Brindescu
e023d7f3fdcb7c1d4a2301969f9d2ff9885ae2a1,Caius Brindescu
e38c9f0cf349cac3de573c1708bc1520f61400ec,Caius Brindescu
37a97724ccff99ecbb444223420f42017bd2d892,Caius Brindescu
1167ef7919a672e017d9bf7b2cb9f05c8c0a145b,Caius Brindescu
04fe21f16acbd9a9518294db4066bdd74eff854b,Caius Brindescu
c87143832c7db4b7273b421537ca037470dae5f3,Caius Brindescu
a91561c9c49b307c5faca143c6f9d75879f0fc8d,Caius Brindescu
46a65034434566564f515459f376aad2cca7023a,Caius Brindescu
cd319af2e77412af4eb1aff7197de5fc55ba9281,Caius Brindescu
f16c681e4dd8e8bbdb4153741fbb301e661511dc,Caius Brindescu
599f8f367649894bd0941704730f8618f93d30f9,Caius Brindescu
df4a3e3d11961a2e5b77b89894783d93186f2de1,Caius Brindescu
20dfe2024b654fb28052cfe958ec1c3c4afe318e,Caius Brindescu
1d34bfc339c429929af786b1e1f7a05e0f432984,Caius Brindescu
c1132c5bb463a1b68c50aa757eb10b8d20042625,Caius Brindescu
63fb14f05827197d4183211fe874b2abc12f026b,Caius Brindescu
9894677f9a5667314fe53da3e38ac851ab39a08b,Caius Brindescu
6bde7602cb2be1884de25426bf2d22d1e4614a37,Caius Brindescu
ec86d9caaa23612693a6de9b23e0a7c6d9a945f6,Caius Brindescu
ddfb71d5c34acef69a732186fe07d5295f6ed252,Caius Brindescu
56e82299c6bbd6ee6c2514769446c9b2222e7b01,Caius Brindescu
67394e394123edb08964dd9506e8e3d509ac4dfb,Caius Brindescu
50943ab62dbb2aa27c6c9c6f640bf0a2030ae877,Caius Brindescu
35f0dd259ad48e7dab72ba4bf80eefb451fc19c3,Caius Brindescu
50e2521b6ae54dd9c1dfac60d596b4ddae01ca29,Caius Brindescu
92f96f63b1a3c8e54379441406f6aff61e2ae463,Caius Brindescu
d573a763d555be926ba0aeee04820221eb25a487,Caius Brindescu
4add574c3433f9790c977831805696b323d0f347,Caius Brindescu
27d35516e4e3b6814e64577f5e348a0721e7498f,Caius Brindescu
45a09f5fe40f005f792f3184e8c1cc9d3a652c5c,Caius Brindescu
e7f2f8ce89e1b448668b69d7526c2ff652e86b65,Caius Brindescu
c299bfe40963d00c6f6346799542d24a62619f9f,Caius Brindescu
120384416ec0bff8c78c11961b3e3bf470eb0485,Caius Brindescu
f777b548a568f44318382f9dd167da9fb47d6bd1,Caius Brindescu
96232294bd651ad997d3863d56fa8c7ab280d5ca,Caius Brindescu
84935e4a9a155f9d21d9a4f59f4be661b69b45de,Caius Brindescu
4a39f51a43d3acd8e5209edb19883a0f61d751a3,Caius Brindescu
2a28c8627562b439ff0104a14b2f0b36a61b3eeb,Caius Brindescu
09715c7debe74571282f150df84997384d3d56eb,Caius Brindescu
aa99de537e5fc4892aa2954e831bccd8c26b057f,Caius Brindescu
f5de534b1406c41ffd3e4579d7705772e6e77589,Caius Brindescu
e68ce95e26650cb9ca9486db4a00449a001f52a6,Caius Brindescu
3f659966bd01664ee5af982eaa127373562800fb,Caius Brindescu
62a58710e2583b06da15b7889f41480388261a67,Caius Brindescu
bb16ae2b3aa902baaa90be89c825efbddccb2f3d,Caius Brindescu
c74e4f2db29d3b393a250f8033fa75ab917949d9,Caius Brindescu
8dd61b20ee7e689cbfbf85e73c73809eb855e2f1,Caius Brindescu
8aa34a9837754f8eb56b1d57ca373000c2b22b78,Caius Brindescu
b10a99759f879565a0fec618129d9f228673df6f,Caius Brindescu
06737008d9c9ba843f173629384991937b06cc85,Caius Brindescu
63a69eb5168c01437d4b504af55f03b279653831,Caius Brindescu
51d0f720376393c6ff4adb8a63192e15700b93f4,Caius Brindescu
a2176d0295cbad9b7faf2dbaafbde8e58da656f8,Caius Brindescu
8ce3fd9424960c2b6e55854a11733c03e6c2ea18,Caius Brindescu
349860d914d0d1b26adf92aebc118a94e82b5679,Caius Brindescu
5daa57040d19442135bb6e81e4c30feb074ac544,Caius Brindescu
c3979a86b1a71ab3f9f21ff1c409f7c670d73baa,Caius Brindescu
4d9528bd4df8e4847d19ff16874f3c7d04986364,Caius Brindescu
cc2c0444d67850638703fea29a46c96af7c9ff7d,Caius Brindescu
4f464e3c0eff549177ff913c00dfc50835cbbe25,Caius Brindescu
fafcedb3decd8b3b9f9c2ce3eee86e84c2e9c3d6,Caius Brindescu
7d6d5a2b993be2e157fb171962e5e4f169c4f9cb,Caius Brindescu
be320485ddb82050df5e42cbe82ef509b56875d3,Caius Brindescu
2ef79722d22c670ec4bcfe9f6563f906858c3c4c,Caius Brindescu
cc33e00f2bc83272e7e143ffd9fd20d5e98837ac,Caius Brindescu
3385cd7b1e2f392f2ddbe66099c8745c02679ea9,Caius Brindescu
9756beafcce225a094bd86e5aa84b223b419d932,Caius Brindescu
a64560516ccdd0e7033605e533936781c4b45ae6,Caius Brindescu
9e1906a5baef6207658fe57adc6fc5d1551d2e22,Caius Brindescu
ccdb9c7cddf2cceb13ed81a51bcf53917e345d1b,Caius Brindescu
29491c58b5b016e71ec31f6ba9b27ce3a1121a75,Caius Brindescu
eaf5e06ef5d6d622a74827e30ceea2949ebe8c15,Caius Brindescu
4229a58e30811c92f1215308162a5a8dc133b80c,Caius Brindescu
7e23781868839d6fa7d70635173674bcff5527a6,Caius Brindescu
95dbded51656fa024deabdbf1658ef2caecbc8a3,Caius Brindescu
6071b1be594a7652a2811515c48890575dfa7bed,Caius Brindescu
4d3ed782ae848cac321c7d7fb4ccb2555312ab10,Caius Brindescu
51ca3ec3042dd7833d4bf86931dd7d4a20e2fc42,Caius Brindescu
e7a3b85c84e18f0f3e78d8921f31078b35d176e1,Caius Brindescu
ef8cbf6ede0565b4bcc1403c9772e436c747575a,Caius Brindescu
efdce0e8f04d13c913c3e06f02907186ee22f022,Caius Brindescu
aa9b07492686e659af8f0886df019e60400680a6,Caius Brindescu
02630f169ef483ac536d10609d04b992d71057cf,Caius Brindescu
50c8a1468538402433ce7da48b9698a268d1be4d,Caius Brindescu
e6d787e36df88615250ca19c59f6e54ce6ccbc52,Caius Brindescu
addfe9a1c373e264fd6cdd3340d9d6a03cca5725,Caius Brindescu
0e7b0ec4d952817cf0fcaeb5b1c9b59f32ca411e,Caius Brindescu
6c4c2808b3d0544266ff25023a4f71311efeae42,Caius Brindescu
184e9f26c422911d60e3366f85659a3565af12ef,Caius Brindescu
752e644e9521808d10b86089dff4c72aee8e4114,Caius Brindescu
5c5d15c7f1a30423633c5051d57e4c50fa8df031,Caius Brindescu
1e0153d686aa5670f4cf465afd7c66a77707ce7c,Caius Brindescu
143d17682f4a27daf063d8a900e8a093b35671e2,Caius Brindescu
e1e574c804bb993117f89319805fb7a0e7b1132b,Caius Brindescu
c4e1854cd8407e52413c4d6ad85ab75827d2bdf9,Caius Brindescu
0b0ddf43469c4c9af5170af02a7676178605748a,Caius Brindescu
37a0db2921b98251832fe7d1cd69d7bf613c4c8b,Caius Brindescu
9bbf6ee4d0c9cb6b80182568eb9de23038b974d2,Caius Brindescu
8eae49f730d1947c30a7255388b4c7472c34ea40,Caius Brindescu
1e2d7897b9636210cabc0abdbfa26c0ef766f016,Caius Brindescu
a67ad542f55029817427085936d8fe517c5712e8,Caius Brindescu
06c7dd2ac166c8e9d4747b77822ab7d569cf6775,Caius Brindescu
29d69f6933cb2f3e060339efac62a1966c90c76e,Caius Brindescu
0118a03a45292ecac34b4dc1a8ac8bf19d620942,Caius Brindescu
d01184c390433b6744dcbc01950c1e769fd99efd,Caius Brindescu
1e43387a5e824b64e30550198e1b003c94c5d78d,Caius Brindescu
86e58e27dbb4c051e00c876d5d6a591b6060c796,Caius Brindescu
6668a73de313556030866809e6f399bd0e1656d0,Caius Brindescu
21b0ab5007af4d239c158d94f066bed221dccab1,Caius Brindescu
53e7f16659205de4e11f22803746167711d93d14,Caius Brindescu
505a7576e49df71d53bef7614b93930671bff271,Caius Brindescu
fd86c442823b595f3953e8e1eb6f8db63dcff50b,Caius Brindescu
d2cb875cd284ef85f03422b1c92f04f02db6bd0d,Caius Brindescu
209951d93518328a660b7ed2c4677ec9af263bd8,Caius Brindescu
84ad5f29da805c6450489aa79a1e19bb3ba3ade1,Caius Brindescu
68e76d8d68efcfbea710961bdd06a22058754daa,Caius Brindescu
6e380e1673548dd511ebcf16525ca294d507727c,Caius Brindescu
e601d2900f956cce3e8d46a6b88f44ce5030790d,Caius Brindescu
2124a6dfa29cd58971589b00ff63d72b737dee88,Caius Brindescu
8528c879b09f3348ac59594e1097ca8950c45ad0,Caius Brindescu
d4117b2d0b0efff865fcb6887ce1c1207966f6aa,Caius Brindescu
f46d04a3e258afb33bba5ca0674aa66a2ed99686,Caius Brindescu
eacf81471b8d9b4a872501e683053dda03ce5521,Caius Brindescu
40f9121bf942ce6d844854eaacfdbab3bd559151,Caius Brindescu
eec5ea063f9834c3a0e18edb49e5da7de24edb40,Caius Brindescu
0f375dcc9cd2c310e12f4d6f31c98ccfb8f20bcf,Caius Brindescu
3e8e30786b0e5b5b3680ea1df9d040f5e682c80e,Caius Brindescu
54258a38869bf9818ef86216e77eb3112d4b82fa,Caius Brindescu
2313a8385ec0ae2f63cfe1d0cac99b18cd36ab5d,Caius Brindescu
ded6bcbec86930c95087d7c0b88c07d15065ce79,Caius Brindescu
6704e6e67f6b472a265cb6cc009a322833acb05b,Caius Brindescu
984ab45139e2577751d099b24c9e7f733204bad3,Caius Brindescu
691e023087357e9b52542fb6a90008af9585d127,Caius Brindescu
c1fdc0f9753c29188695d243b7566af3608c4665,Caius Brindescu
c2df26d59b2d57cc4281f3fdcf49c7ab40aca107,Caius Brindescu
43efd150240f5991e175b0fa7d76e02e7235156e,Caius Brindescu
b7c435a6cd60ea85f5d20ae4cb117838645f9541,Caius Brindescu
f43128de4f63b4ff0aa27da645f7c5c3fa4dae6d,Caius Brindescu
143e87cb04ac2795b1ed8ce91c4611891f8d4178,Caius Brindescu
7e55dd1817aa093d130c48b147936557c8d8c728,Caius Brindescu
c026aa01073b8925621a970403ffbe2ffe16f46e,Caius Brindescu
4e05b8e4ef9cc6ad60b4ddbafe54b7825baba113,Caius Brindescu
4dfbb20fbe6cb020a2fa41f082c08e0e302b4d0b,Caius Brindescu
c4daadcc4a9944839c28eeff65cb82d2e7417167,Caius Brindescu
686b01fd7a0512b212d122b658bc0f7f8cde9ca6,Caius Brindescu
71f7d3c8c3eb655d2e747000300d0689dfbc8315,Caius Brindescu
5cd118e5ef5d74096538324bf84e5c0f00cd5ac6,Caius Brindescu
9afe44e58d36f7ba19d7cf64555f1f8958909ff6,Caius Brindescu
1f72d558d0490a4551d74f6d6a278185b2407214,Caius Brindescu
997052a8886088cd7927a9b43314960846ba408a,Caius Brindescu
32c9ac9820f9561f4ce3a0758b7ea87d21195865,Caius Brindescu
64084ad56b63cf846b31df38e8a274a9163a193d,Caius Brindescu
397a66476d5be40391512ccd45dd9f2b971f29fe,Caius Brindescu
1ad3eacaab98b04031e6084c50a3e85b3d7af455,Caius Brindescu
8c052017b9ba64c595faa9cdcbc83ee41c3a4bb9,Caius Brindescu
2e52bc5288309bc32ea19d57c76bea3e2870f99e,Caius Brindescu
aaba7804e2793235ae49dc1f36af822d17e43124,Caius Brindescu
4259af438a0af53845d77d00d7784caae0124442,Caius Brindescu
1c38231525cc626ceccbb891ad7c4fede026578f,Caius Brindescu
c30515cf1065bd48ee92dfdb76a0b16731635f30,Caius Brindescu
51b3252833525b16f89dca01b0c47b87b12510ae,Caius Brindescu
74833be932dd4989745ac0d4d3c4d91f8fd73701,Caius Brindescu
b9cf8aa40022682fca341e4e4ecea635d7a76b08,Caius Brindescu
b6d27bcc5518e2ff2b616c31e6a194af5f12fb76,Caius Brindescu
524dbb7d1d2ca087159146cc33d50a674013ad62,Caius Brindescu
48d2359a99a2fb8062f142a06149b82c3d3dc8b6,Caius Brindescu
bb17d7713b9ec6c213c2778f3f48d6fc5099aabc,Caius Brindescu
3e1ee263965d9ed485cc1f81b88168e3a9fe1db8,Caius Brindescu
4b47bc5cdfa80f446fe01b8a0d21c010f9255bde,Caius Brindescu
531c284aebf02cf3ddbee1811974baf94f8da4f7,Caius Brindescu
86b54c62b428ba0de36a824229d739a510bdbd0b,Caius Brindescu
2c7d0dcffca1e27d98a8653238ba1dc44f39c208,Caius Brindescu
32aa8815700cc7dda21e72384c060c17a79f1440,Caius Brindescu
b33520b3be6da4a4e229f475bd3df8aee34546cb,Caius Brindescu
299f8f15951e7840c845f0756b4f045eaa10143c,Caius Brindescu
40c9967c6d747bf7dfef86dcf780a7454643e978,Caius Brindescu
4635080d125ebbf2a51adddfe9a645aa767070c1,Caius Brindescu
bee0a190b812bea990b1a4e5f730def75c692d6a,Caius Brindescu
74ce2a4ecbb875747c1167cdbd54c8c7e714df2e,Caius Brindescu
4a3ee724c9076de3eb93983aae1f32d8f8fa9a60,Caius Brindescu
8bee4fe8d4d2522e58452de8f72704c78b5acb74,Caius Brindescu
b2b81adaada87eb6eb11638d1a0cf55f6f558736,Caius Brindescu
829ba7a84c22d77efdd15e16107c7f459d7a5d30,Caius Brindescu
0fe4f680acab52e051138d5cae854b549d7bdded,Caius Brindescu
18e8bc26e27ed022260124b6b2584f7f3fd69bb8,Caius Brindescu
bf81d9d5bdf9e18f9974c1b7d1e0031328fc19dd,Caius Brindescu
a805b149d67ee9b04c4bbced5d00e77490d56f84,Caius Brindescu
4414c30bdbbd4e68ab53f2aee32af47b83c146bc,Caius Brindescu
cbd009451988b8c769f55699aff12ea61ad53176,Caius Brindescu
8133105750ab6ec2450011e216c91fbd84380e36,Caius Brindescu
4de83daeb0ac0977f2f1adee02a24e7b916764cc,Caius Brindescu
25267db62883ed2379bafd8eb7da4f42d5a67667,Caius Brindescu
ae6abe764824b3783e4fbff87b8e9a9aaa3697c2,Caius Brindescu
db0e03dfaa39f1ded46cf33fd82e4a310eb15df1,Caius Brindescu
71bfb6c7373fe556153461d54a30f47b62eade53,Caius Brindescu
5741f9067738c2c255f118998692eb173f1e1aad,Caius Brindescu
ef55d58d0425ff2c0aabd55f1dc985e372d415af,Caius Brindescu
899e8a3af5a6f558424f2f35d6613d06f2857490,Caius Brindescu
53ae8648122f6c86cc9b29fe6f995ac8f92a9a91,Caius Brindescu
1940a0b1b6ce327e656ca46cf2c079c5df708919,Caius Brindescu
43e30db04fcda62419c912e4e05c8604130aabc2,Caius Brindescu
d74e5da43d298d93ec9d2dc510486b22530f3c02,Caius Brindescu
bcfe4e5a92d0a69da1b1f579fbd89d7ec12f0527,Caius Brindescu
c8677206bf1a8df897751b66e8b28acad0b10ea0,Caius Brindescu
9bcb502d21ca62001fe466b8bcbb5584aaba93e3,Caius Brindescu
b6e11629a4c6a4a868251f95f666e433df75e2c2,Caius Brindescu
5eb3fa3b3707b436bb8f14c0aaf8da51560e2f8e,Caius Brindescu
19f4162f67eaa9817d0b7666158d708d7f90f6a1,Caius Brindescu
eedc8572cb0ebce13c147a3bc9b1fd87de755341,Caius Brindescu
0ff68189087f585e7e8aebcc333b38d5191ccdcd,Caius Brindescu
abdf7cf01bc073c35cfa83ffe7ff9e73d932b18c,Caius Brindescu
830c6221ea22129992914bff96e56a2ab243b26a,Caius Brindescu
09ad537f053a9c522dc2ce9c50ad261100a0270f,Caius Brindescu
bee286166077fd927f6ea39f71b6cf102aa2f0bf,Caius Brindescu
711c0bdeb9bcbf86019ab1cf49f8342c5df66a41,Caius Brindescu
2a8bc661fcc854a3e01281e345db28273253c8cc,Caius Brindescu
213f5dca65b4055cb4358050a6b2152fb6f1aba5,Caius Brindescu
796b7e75416e3ecec3deb67dea1211726560e918,Caius Brindescu
7ef3e480735f323e47519e94b4b60b2552a9339d,Caius Brindescu
2d26aac65bf9546bab40d4c66ddba31730cc2425,Caius Brindescu
c14fffe02543e15956f1c4854cdce1b9a9390580,Caius Brindescu
c90b1859799fc632575140028bca6b93496d5231,Caius Brindescu
0c9be720e29e8f12b17d455ab225fa159cb3f9e8,Caius Brindescu
52c503e76a8df3b7911db7d4c682b6e7b0ee19cf,Caius Brindescu
e904903ebe86ee766496519eda6d6693c42a04fa,Caius Brindescu
09a01309b896507f2034cf62d3936eb3b1b7ab3a,Caius Brindescu
507cbd7c96f734815b2b9b68b8984a837996be4c,Caius Brindescu
043f233ef57c90987413e5cace6cf880c7487803,Caius Brindescu
082ec18ef4389537525102428b3146b3b0d4032e,Caius Brindescu
5a4d6c02519c6c7315dcdc49dca867707a8b3886,Caius Brindescu
47951ebee234b6a0302238131bcf828aba4dd0b8,Caius Brindescu
637b1dce2fec299de6ca4ba90ed76de61708cc45,Caius Brindescu
9b8662b33953284a32e07a8b718425b7822623cb,Caius Brindescu
446c24f00c47cd6c917b75acbb00bf561ceb6f5c,Caius Brindescu
4112b6e2e86cbd39105caac573567a5aba7c0215,Caius Brindescu
b08251c19b9b5024f4e56855617d79369321360d,Caius Brindescu
04931c7ac66a0db9e3b5b200ca7107ed30d589d2,Caius Brindescu
9776ccd99b4d37de6369cb42b1eecfb65e0add78,Caius Brindescu
bbf7697770a9835b2a3abc3fab9b859ecd9edc7a,Caius Brindescu
0c47ad15ede54e197d9ebd768b149f23fb0b75fd,Caius Brindescu
a4ef110e16bd8a2c278edd1e815ccab7ba23d0ae,Caius Brindescu
c939626e8815d84fa67669a028ddae4c9bbf265c,Caius Brindescu
c1b9039637a534f93387db4f89096dc3bef8ce24,Caius Brindescu
98d4c285c0e978c0037af6f4495b1c5818458a77,Caius Brindescu
6db264bd0fe8051c483c80d376a29e70c16e0cdc,Caius Brindescu
7bf4b178d33f3eb8ae6ac08795ea3f397c050140,Caius Brindescu
3099ca440ad6d6b9de3dfb3b686e5e1efa9c4833,Caius Brindescu
e17934a14b3defcb34e9d6676aa87f932f51f15b,Caius Brindescu
f977529eb907ab2bcf862c44479941617d240899,Caius Brindescu
036b2a9e1fa4836c2956fb8949945ed4807af9eb,Caius Brindescu
8adf32635ad483e095358edc175168fee9a513d2,Caius Brindescu
04ac8dea224e08222b7210002e65a83f87b97773,Caius Brindescu
eda86e0a0b1401a5a7b4da0a1c1d98c5cd1beca9,Caius Brindescu
97a9910a35b620f435ebe97180986514be72fcfa,Caius Brindescu
e7dff9593b4ec7d1888a6ca1a1a4923067a5e29c,Caius Brindescu
346a8aa365786991b0baff52fc5e18d69ba1d639,Caius Brindescu
ccd698f244dd919949f0f56de07872e1e19d425a,Caius Brindescu
0f24766b84437013ebdfc0d3f657535c6e5679a4,Caius Brindescu
e305b4670b40de94ee6bb64d557dc2e7fcfad668,Caius Brindescu
3a04a22443b66ef42099fccb2cae63681d788dfb,Caius Brindescu
b98cb5ac4f87ad8a298dfcd14ecce3a1b3f07806,Caius Brindescu
18d27306dbc2d0397e18c1ff52c5e13c2df444af,Caius Brindescu
837ed2aa4e4f91194aa1c0ca7783f4f3eb905f8a,Caius Brindescu
9e0b8e46fd15dc67586450f33cdd503f6725bf26,Caius Brindescu
48bb5a82532ee8e187ff0f0309befde71d185e82,Caius Brindescu
448e0bf1ec48b88dc1017a9e2fb582369fa8860d,Caius Brindescu
65492d399f1a434147e9c7580cb1f46c15c53afc,Caius Brindescu
79efcbd426b8d2bb0aa7dd2ba375ec1d1a198f15,Caius Brindescu
ae463ac67c2168c592deab293dacad023b0c0141,Caius Brindescu
936f7728c4a4b8c1aa083a6eb69a156b687df798,Caius Brindescu
b2e2a4f2ab8af911c4b4df77b9b20fc4cc6d20da,Caius Brindescu
b62d1823021e0cb43bd51d19f8635e1da241f04d,Caius Brindescu
b80c58e482080c65aaf931848943a24c151365c7,Caius Brindescu
9089c57d1b8f9f2f8fa22beaa0cf7af4ee08bfd9,Caius Brindescu
7286b0c8d65d655ebfbc2ddbb8f80689836a42d7,Caius Brindescu
cd4299ea878399cb84ca41e1d3bfcae201ed8831,Caius Brindescu
aa00364d696c2861d0266b6fd39994a26e99da04,Caius Brindescu
bf51fad14fa51c8385afd005192f68ea3649aacb,Caius Brindescu
75a53fa9a8b6b7b9378c973508f01cc88da2459e,Caius Brindescu
346e09177a8eb0348b6f8753757abfd99a2a4175,Caius Brindescu
d21fe62c2c12fe8c237017680b8c5350cb52e6b9,Caius Brindescu
8e356eae4bd775e2d855949a68648b7d8ab09043,Caius Brindescu
c27817463abfa1a0707faf71a5a65f14a643b0df,Caius Brindescu
f4fb561af4e832153d02e9397b5f26bf35bdd37c,Caius Brindescu
13c0fd6f61b38fac7cc740494f0e742051e3aac6,Caius Brindescu
d42821ea90577bb6b5b78f19566288867095c1fa,Caius Brindescu
7c920983216201ef40f35fd4dbb7384339807916,Caius Brindescu
fe950c461fc27777c4abe4ce3411ffeae3627deb,Caius Brindescu
44f524506fe04d0b9b7dbfaef3cc969359f87ea7,Caius Brindescu
5ca63627905ae6ed5d0ecdb24c8843b2d34b418f,Caius Brindescu
62e4be06765c519c7987324ed69b693efd38d6e1,Caius Brindescu
9b9a91940a2913b4cac3969e50d5e89e429582a7,Caius Brindescu
911c7bd350e5543d2b4d5538ef0163dad23a5428,Caius Brindescu
9150fae81c6d3a73d0cfd41e55e86a249d3c1580,Caius Brindescu
c5562e97eba3dafd3243717c08d8e8d34c048318,Caius Brindescu
c08cbc8194d4040420055853cc73f7c9713f33f4,Caius Brindescu
87cf5a89a7130459133de3a6dbc2442b1d8ac181,Caius Brindescu
ab80d43d905eba664657671e066bde47ee232f78,Caius Brindescu
aefb7b3a8dacdb2020ce77d76e5eca40d168778f,Caius Brindescu
d8bbe46de95fc2ba989d37c5387f1101bb3d9207,Caius Brindescu
1b3f7fcc5e584aa6d46b5e1c2d3eeabdddd33c9e,Caius Brindescu
4725224ceeac8ba627384a5e5ad2003bf384efe4,Caius Brindescu
6181fb267b809a514fa2888fd4e9fec8ef1041d3,Caius Brindescu
9876fd8519100ea736f219d83fea21a08987d544,Caius Brindescu
3a9007c3ea66c56ea2a3c5af9aeaf0ff700713ca,Caius Brindescu
0e78d98ee56a7077459b978b4460271e16b72e4d,Caius Brindescu
8654ce84e015070ffaa7df9d0ff78e638a010d7a,Caius Brindescu
1d5c59ba266b4776f13c5a2790ac641c4af9ecbb,Caius Brindescu
b4ac72bcb6e3aaa0e181c8cb187ab6fcd3b227e2,Caius Brindescu
e7d2300ee634b0e124e2fafec069fec86a51fe30,Caius Brindescu
4023d5cd911eadc05a2f24bd970b03fdd2d6689b,Caius Brindescu
be882bc6fe0eccb2f9d402b8593611d47e1e079b,Caius Brindescu
d5482410cfaa2ad0dd7b990c6e1eba7068a5b82b,Caius Brindescu
a4a5d6bd7a05f0fdde3112f3d57ae79d5c9fcb77,Caius Brindescu
25359dfdbc8d9b5f87d74622396ff8536886a8b1,Caius Brindescu
265340884b1d13fdfeb137760365cfa5fb8dc14f,Caius Brindescu
0641ca176b8ab33870ec9250de3e73120e7551d8,Caius Brindescu
4f7f5f7873a7471a47355d173dad8d7d6aac478a,Caius Brindescu
8164cc08f9a44f24d04179793e66a02ae8591b79,Caius Brindescu
e4a0e391dacedd4253eb9c62da68cf7432f80fd2,Caius Brindescu
7a2fb76cfe644929fbfcd3206da735026399b6f5,Caius Brindescu
3c1170f26e82713a03f50ca3e7a7f46f50f9c893,Caius Brindescu
24212a1aaefa3ec13ec28ede4d68355be443e4cd,Caius Brindescu
78af0833ded347b0f391df77ce8b2b50b06efe9c,Caius Brindescu
7741ee76babf37e1306fa21fef80e44868e9b046,Caius Brindescu
29f5383e597518b1c9c4655323fe25ec8c75be9b,Caius Brindescu
75d9fe4a408637a12e3bd96c47793c2eded498d7,Caius Brindescu
8613a479dcfbdc5ec15678c317293ea44bb088af,Caius Brindescu
2f89dbae9820f50df5ccb909b31360289ebd97ff,Caius Brindescu
262de1225a8789c7403af92943e967ef93642755,Caius Brindescu
4208790c05d46fc80f95428cf22564333d254798,Caius Brindescu
38773b3ed3b87220ca7e7024851f00a39e9b6672,Caius Brindescu
be0ac1ef3c076c3d47a85a2d0261296c155386dd,Caius Brindescu
0b206ea6d14f02eee292282ac8bb66596b2f226f,Caius Brindescu
4468a9860ab3ec64971db4d20d1abfce7d27a5b4,Caius Brindescu
63a4e305501ff10319fdbd963a21c785399013d6,Caius Brindescu
8ffd76191cec8c3e3a3d1b49d441a7e163c08faf,Caius Brindescu
ffb66b8443862ab2dec900bd376b91bf8272a1c1,Caius Brindescu
f692fa79746020c0525486226bfc8d26c220539f,Caius Brindescu
62fc15ba687986bdff3e01103f1e83ff2f975b97,Caius Brindescu
31c8204004f3422f9b08a1ab87aca061010d3119,Caius Brindescu
23c178bd6b19a7d5048507c17eb9834f07d9d51b,Caius Brindescu
bbdb541d11bb2bbe960a8c3242052bfae650b2d5,Caius Brindescu
679b126f2966aa4759fcae242449b7e0ad3a7cb2,Caius Brindescu
24d5d1d0e67c81604fd10caa03801bda0941b2a9,Caius Brindescu
cf8551b7121b0df3c1f134ee86ee7dbc7454b7a9,Caius Brindescu
088d2b373a0f025c6c724d5e7c2e9575c69d65a9,Caius Brindescu
110ae061f902d83f75701274eabdd7a6bdbb2b80,Caius Brindescu
da20d71e564a9a226dffbb9fc8b251016f986eb7,Caius Brindescu
719cdaefb1ab55d1a66c4ad6307632d39f65b96f,Caius Brindescu
c84d2b0ac1deed9cb7b9d9384b623ceb8b44ab4f,Caius Brindescu
874ca5d525182cbafaf90f2f7e297f57142d5c63,Caius Brindescu
b4a45f6873623fa237d9fbdf3387f168af5e8eae,Caius Brindescu
148ee637f36ed02596ad83ab70108d945df4cef6,Caius Brindescu
e80ec583c5490afbedf4e6892eadffc4acba1fcd,Caius Brindescu
e6fc7b20c01a52faf1d89cf53e71d4bf269746ad,Caius Brindescu
2045ce8ae0ac00426377bedfba6c2aa450acac9b,Caius Brindescu
93525dc797359f8b02275cbfe0b5c22a278489a8,Caius Brindescu
c96b05657f19cdfb737d54fb05b5cb4ece35c31b,Caius Brindescu
ea13b65d16fce5f6604158caa9d58cc3a5c7ea4f,Caius Brindescu
eb9ffc01c16ea03d18eb50646960bb70c6560799,Caius Brindescu
ec064cc19ed98968c7a4eebf0cff1e1097ee24bf,Caius Brindescu
a8aa843a29394376f5ebaaabd453d84ed018fa4f,Caius Brindescu
10a878c3c1502560277e153b55e5de36e7fad90b,Caius Brindescu
7a028b426c8e01f3e2c2f44f68f5471d2c9e7bba,Caius Brindescu
a7ffcd0f288421b509da49556d18bece3b94b187,Caius Brindescu
9cf2bf318edf89a6ffd59f245b9f9398bbbe8266,Caius Brindescu
ad888e8a95127571630119e257c3b2eef06ba663,Caius Brindescu
c2c2519007cd76520df76536345ea426a065ed5e,Caius Brindescu
1c44388c36eee03797d1992defd98d49580598a7,Caius Brindescu
27a941b8c49aaab2500ffecde65f9aa605d8cf95,Caius Brindescu
ce00587f57b5cafee707ff8a3f5cfdf11c5ae3bf,Caius Brindescu
dbaa23b56e12a398c45327056e1453dbcfe9bcc1,Caius Brindescu
69cb5f8fdbe2419acd202cb01ddf675563b53353,Caius Brindescu
77b15b3da04e2dba583cedb70c3136345a81b9fb,Caius Brindescu
f34f22710442a670be72a23d5927b47e47496ba7,Caius Brindescu
f71abbbdea6a20a18834730d7e057b6b22770093,Caius Brindescu
77a6031c7d40d23d48257dff39e45ad9fa1198ec,Caius Brindescu
6af1e2dbc315f04912f7283c6fa87a02fd5cf6e2,Caius Brindescu
be06b55c5e225310921a723372ab2bb20f6509d7,Caius Brindescu
114223cc84351c9b436f6756d4dd8f3f262697d5,Caius Brindescu
e6bb6e1446832bc4bb543c007c891c13a67f2a3f,Caius Brindescu
884f187cdb9ad1e6f2b6a6bf19549382c02aff37,Caius Brindescu
3b10e6bd29adb223e8185f97f9e96abc6a5b6ef1,Caius Brindescu
6d7f6b27fb03a29d27cd83b66cf165e791dc3e3e,Caius Brindescu
c7166022ff0dbab6d0e9fcbd9ef8baea292a8137,Caius Brindescu
da75a4ec9e12b7a5ab39f8a95c849f47ab76276f,Caius Brindescu
46e6ffd1926fb4a9b0c6159f3bd104349b61eb35,Caius Brindescu
e12edfac83269ea38c972d09f20d28587ec19261,Caius Brindescu
33eaaafa67ced3dcf3ee2e2fd463f28f6a4ce920,Caius Brindescu
cfb369ab9f1dff7d4e8418f0e7aa2baa0e0efcd2,Caius Brindescu
81d4b70577921aadc6b2f4367d9c57bd5414891c,Caius Brindescu
45c017b365e3f3655de7895f6ecf1b7e90990129,Caius Brindescu
19775656a163548af59e6b777f0950f62be96ac1,Caius Brindescu
bf380869b8ef48c0a7d72743f091b66aba562326,Caius Brindescu
63d6c47ea89ab9274fe99aceb88114c61c5da6d9,Caius Brindescu
fa2c601d3da4d5bce229ddb4a360c2267363e69d,Caius Brindescu
5d63cbc49c6706722242b513433c0916d16ab8fa,Caius Brindescu
212f16af96e3a0dfd75240266bf94461a3d9adeb,Caius Brindescu
e0317c680e5f769ff447955e4062260ac32ce1a6,Caius Brindescu
6f607bcd2b51e50f8a32ffc65a1aad5bf2fc5d18,Caius Brindescu
409a1d769e3619e124a0784d55b31c1f7bc615b7,Caius Brindescu
51a27f56f59ce503fe7300681c676149cb76a7ad,Caius Brindescu
1a6bdc8c7a9f28731f57d015529822b2bea0577c,Caius Brindescu
27b31fcbdecbf9d727b258290ee53b902b084d45,Caius Brindescu
484b44e46b2822eefb80efa027b4cc54378011c0,Caius Brindescu
eb7e09cf11abcb4d5eecfe21129dcb9a7b89d588,Caius Brindescu
7aedce45ab39c6152ec73d4b9d0a862af0f49bec,Caius Brindescu
5ce56da10b2f9cad68009aa95e5f594dc9f55277,Caius Brindescu
a1d5829bbed6e7bdcf394b9d14d149a79a76ed57,Caius Brindescu
3780eeadaad8fea99ee9eabe2c7446d178a0395e,Caius Brindescu
004239865af56d0c6210635e8e7297024a53e3c3,Caius Brindescu
1e262ef5066b3730e8471473285414946a6f9006,Caius Brindescu
40173aeba4d5293c0c54feae16c09a0668daa189,Caius Brindescu
48852379d0151949384f0f8fcdaeaee9f730365f,Caius Brindescu
2ceeb92896f2fb205867da6211c77fa3d603b5b8,Caius Brindescu
04ed3373038f138c1ae9dd01c8c261e7fb3f85a4,Caius Brindescu
16b6b24404fe785b87cda630d7fdc8fccf366724,Caius Brindescu
9ff4806d445b3c91c620e3b2e561690d4fa35b9c,Caius Brindescu
808d1266dd3487bd11b3f2b05f2ba0f7cbae5979,Caius Brindescu
d4e2bbca0c5f59ed909567cae4cc0986dd55fa40,Caius Brindescu
7c906f80679169ae5ba17c01e41b6263f631d2bd,Caius Brindescu
57b4c4b35c9eba591ee798118338df421404c21b,Caius Brindescu
80f2538a41dcaad60f305bb4b15aacb686d61314,Caius Brindescu
4f9bbe266da77e5af4963bea9469d932fb6217ea,Caius Brindescu
96dd50573e32bfb4828c0012a49e720121b5670a,Caius Brindescu
3cc1d278c6371cba6c10bd6a43275a9d89d3c620,Caius Brindescu
eca5d3043b5a28cfd3690d4059ea77cb3a895642,Caius Brindescu
debdbb22e90b0882ae7886c6d3b61ed7387aab38,Caius Brindescu
0aaf6e9b876632ae94183b30b188811e26d3a080,Caius Brindescu
908661389294cacc5c2deaa7ff8bcd7041bf5918,Caius Brindescu
71beae3c44503ecd82d039d26932699611fece6d,Caius Brindescu
da8a31e91f0a6a1eb3411b9624f6f4da178193a9,Caius Brindescu
8904de8c5fea05be57fc69b61c88772c5dc562b0,Caius Brindescu
11f75b31791a7b9cb435f1f740b12659bd0400da,Caius Brindescu
8594e011de1f3d6959db1fabe862af40e578e5d8,Caius Brindescu
b566cdf7fe345e4c472767ea6561077847e02be0,Caius Brindescu
7fe73dff456ff79a94dc5760af474a68c78f976b,Caius Brindescu
9e2e4201e3cd5e1bf9723697d889de05942be1f4,Caius Brindescu
c2b6cf8f9e8556e1d55b3172f9555022ae1bafa2,Caius Brindescu
3a438fa46e50ddbec5e68c76e5fdf43e75f42a21,Caius Brindescu
8b14cf24b5881b22e1c3fc6ea67c78c9704a2137,Caius Brindescu
482c87062542da94603e0e314ca5776f99be4a29,Caius Brindescu
3ee969979a15a52712b721e7bb02ef51b93bda91,Caius Brindescu
24d3eed1bd4837939bd9bf58186021dfdde760aa,Caius Brindescu
ceeab862ace15b2262ff2dd219287875ec7234f1,Caius Brindescu
f3ccc4d90522e9cc87d4e52c30ba04f7967f0094,Caius Brindescu
5ea5bbfbfc3293152a26f2006af30745a44ba924,Caius Brindescu
95772955709f4ce68fb1b1875a1ea517825a709d,Caius Brindescu
9ae6cd7198d197a2c456b12b7daba5f7d8c18f33,Caius Brindescu
287e14f34630044b21b87e8f2774cb8a6fc591cc,Caius Brindescu
4d0dc8089b2c00f82e771ecbe0d621bffbccbc36,Caius Brindescu
ba8820a0eb800e9e897cce473f890c9acba6c579,Caius Brindescu
bb5ba4ffbb8c4268b2ccc7c78997838a3fe354a9,Caius Brindescu
59fbca6093ff0320a60548df0dee5387b49bee49,Caius Brindescu
077978a4027c9467502d81748fd1090d65ac0eee,Caius Brindescu
fe124ca10498a9979775867fae137ad07e9eaa12,Caius Brindescu
7f2b46df6ad2a428358aa5a24ea332af47f02009,Caius Brindescu
75d0b8291905c475d6dcda5bf7a09447d70c496f,Caius Brindescu
62e3ec11166c8d7b2eb9e352105fec6cdb5277b2,Caius Brindescu
8a3522416290c5e01e689a5c6f5fa109a8836d09,Caius Brindescu
f12ce91964dbf60d0b3aab6f9045fd9f4f7c9e55,Caius Brindescu
22057f65d85139ea1add25dec561b1a5d8350c70,Caius Brindescu
dcd50797fca386aed8184b3569395e62199fc12c,Caius Brindescu
7e909b983ba7d9aaea53d36809f1b04a548def21,Caius Brindescu
e93d9d362c3c98747ff61d60091e590717cd7f9c,Caius Brindescu
7c42429c39ea65f8bbc4e5f8744eeabb83124e58,Caius Brindescu
a249cac5fe9c367c368b8f9695e4764d6a8ebf2e,Caius Brindescu
3fd9153d15ee08c7a1994e9ce721add79d5edb2f,Caius Brindescu
1e2bc00892c9961164dc65be394536d34fd52992,Caius Brindescu
72eeb0bc64f83ee5529940291ea95a7bd02e9c38,Caius Brindescu
cce2c432fca1962a0d9af50ae410b181532b6c78,Caius Brindescu
a456b67c02583e996fc81e5a033c2487cc82e2c7,Caius Brindescu
9a937b61770611dbe9364d704827feff93178506,Caius Brindescu
50f542e73a10713d275d88cd1873487f20cfb8b6,Caius Brindescu
ba68613842efa5d56a3ca3508299adebe99f7a2c,Caius Brindescu
bd37adfd9e46d76f92c4c7e2303c76b2d0b518c4,Caius Brindescu
8bdd2c3247a46818e1af9b357332e5e223f22d80,Caius Brindescu
b7e4f01d8938b4e3fb2b75e6133ec0d92e406288,Caius Brindescu
319ddbb75b8a9451bf612dbd2d3617769962363a,Caius Brindescu
d8ccea39260a1d5c09a454f3777aa1fe617996d0,Caius Brindescu
e75a36071c7039fed61a6ef1c42b90c0ac7ae776,Caius Brindescu
9ad620d469edb5daa22fd4113211a2e8543ae025,Caius Brindescu
ba675aad5c055a242355af38ad798352871b08ae,Caius Brindescu
aca301ae7f99189e1dc69ec0bbc7a842bf79f569,Caius Brindescu
4819a93956bc45d87ea665ffa157fe7155afb81b,Caius Brindescu
4278ed10c92f9ea1585c6faeff7df0c17f82785c,Caius Brindescu
16340f8a18703a5e4d2cfdf08d316150b3b20141,Caius Brindescu
216d369f04dcbafae1e5b61a86464e8c70e2b943,Caius Brindescu
f0148eb3af11f1270477196d608963d04ecc92a4,Caius Brindescu
c763e2e46feb2a07174fadc03918da20c22e5f9e,Caius Brindescu
ee456b25bf49c600a66cf5967d6eb71ad6e45c73,Caius Brindescu
3392b94325403c3608ee0a1741d789956fb7fcc3,Caius Brindescu
edde369ffed4e1a368b1cb792159e7f907c5977d,Caius Brindescu
ee4c86c51831adbf00adb12c68f18d925ebd2afc,Caius Brindescu
ccfef11a0f0ec12ff300fc0c8138719cc70730f6,Caius Brindescu
af1f56979dd85125a4c5b607f852db07f881453a,Caius Brindescu
f159192f4979408d191b4471003b0d764d956e93,Caius Brindescu
361ec0ca8ac044e1fdb7185a18716ed6f6f58e75,Caius Brindescu
e497b71ae6a5a14fe61b2b153ee8af157fe931d6,Caius Brindescu
c67c3b9a22deb757c4bf6d58419f8554ce70ab42,Caius Brindescu
19d74d4adabdf8ea5524555a5f48c865d12464e5,Caius Brindescu
09e9eec2e0db2bf76ca7939a3cfb66a74c68377d,Caius Brindescu
bdd1b8d280d1ddfc99227bbd2b2937b14b273043,Caius Brindescu
f3d6f331a08b7eb10cb486db4c4a1685f7f3f161,Caius Brindescu
ffed7561c271bd1ae859ad5336e3501ca73efcef,Caius Brindescu
5069746549f7c2eee69b50a178b4646ebe681c77,Caius Brindescu
80bb593ecebf510e6d078add734fb0508df4a815,Caius Brindescu
214e0a3536648d0b1fdb58c869dd5b2b1c89d805,Caius Brindescu
f271c6d32f77b7220435cf83f5b60b3b756cf6a5,Caius Brindescu
5737df312f512ebeee5d5a376ab634e290dd7b1c,Caius Brindescu
7f9a77d0d8042fc1ab40f06f4559fd138d1277fe,Caius Brindescu
af9343d94956f8591b07611099d7954b79100051,Caius Brindescu
984584e20d72d6bd726d88a579f7e59cd70726e6,Caius Brindescu
506c5cde4ac5661106dfce1b086e7ea72c8ce7fc,Caius Brindescu
2cf123287f8847121b0a8f9258fbd3758ef97ae0,Caius Brindescu
49def8a97bb71e143c81447893feb815c206e4e5,Caius Brindescu
61878410fff3ee62178ae9799134d820b64f14a6,Caius Brindescu
b151be96d85e4267391eddd1bd9af2f3b3ac7745,Caius Brindescu
24a4a027b4e805a3ef5719f25366e3ad355c8d92,Caius Brindescu
7e0f84d22613c1372cd0155f39c993acba202c88,Caius Brindescu
058f0ac0125a748bf7875a1d811aac09f3d867d7,Caius Brindescu
651b66c4642c5e0da779ca165a94ef23d0964f91,Caius Brindescu
eded07a74987154c10a6ba717a43d0625da32a1a,Caius Brindescu
044ec542dfc2d09881d52c8284af755ed56f95be,Caius Brindescu
77351b66c2fd128395f2dbb7c158380f2c5db4b1,Caius Brindescu
365d02dbcf230cc62ca4f6b83a5e20e51c841b97,Caius Brindescu
d5845192b6f6a534048a94c2218d5429c70953fd,Caius Brindescu
3fffab6f033fcdf1142dc73eee1e5dbaa146c76e,Caius Brindescu
fac9859fb26caaf8fabae4247c90cf8d39845e00,Caius Brindescu
a51749534feabdf50e61d7bd3356cd526bfc63b2,Caius Brindescu
188b8f4087ce7b78fde5c71d1f981a5fdbd543ba,Caius Brindescu
30c8713c62aea854130efe1c2f52b36b4af67cb3,Caius Brindescu
b84f3066fc7f149633ba02e573a21a30bb3c3639,Caius Brindescu
3b3d8d443b83830168a0d8e75736df46978d39cc,Caius Brindescu
4bb9f19a11db6272f437a8b4f4680f419ccf0f28,Caius Brindescu
7fe8ed9f9a40f103ea74bfb489092104685d7a9d,Caius Brindescu
c7a9a5cc85de57ef651cf523115a7589f4677f2f,Caius Brindescu
e27659ed838873311654d342244fe063787e4bd4,Caius Brindescu
d154bce7edf2b02c3229ae470544472f80c082ce,Caius Brindescu
c335acaf8a697a0821f0b0c4d69cedce50e915f2,Caius Brindescu
927eb86f2b130ec38bd893ce6945ee09424a0788,Caius Brindescu
45ebe1da4699afb956ecdb361ffdaf02a4ac7539,Caius Brindescu
2d0115e6bc3cdaff6651101168814583dd8049eb,Caius Brindescu
2dc8d82915fffd90093c6d4ed8142af5b74baf95,Caius Brindescu
f0a7b09db167fda253cb6384f22ec56c7b88b298,Caius Brindescu
d872acd41918e3d8a2afb5c592cc39d45e49e367,Caius Brindescu
d16f5ac73baac5ee5d0433609ae05d538d5ac61f,Caius Brindescu
f95cc452cf01ff9aceff3d1b932bf4d0e965b191,Caius Brindescu
cdd223ceda9dc099be1d36fdf1d94443a77af606,Caius Brindescu
26232bf3ae45c626cf7612f17e80b2b987af7ed2,Caius Brindescu
3ccc497184f81b41dd6c8a5065936c484a1c02db,Caius Brindescu
45bc299fcb6e4222c09234c7e5bb191508704e3f,Caius Brindescu
cb2d57d397b7ac98669c7f282def2e396ac5f5d6,Caius Brindescu
15972a5cf31a7f4d07bb3ec799f0da8d33b9d540,Caius Brindescu
aaf9fcc7a5690fd568e7ee9e97394b57a5fc950b,Caius Brindescu
c469b9ac8a0e0a6abbbeb5a13436ffce8197eb82,Caius Brindescu
43ea561da55f85e396dad77655eb96708f99892e,Caius Brindescu
077cb441d752996daeed4069beda7b0dd6907ae5,Caius Brindescu
316a4b53205555839f6a69d75717d7b86efd507c,Caius Brindescu
320fc1c5ee880c2e4c41e3029fc794a1df45b3f5,Caius Brindescu
88328c7448ef043d044148b14b10795342d40437,Caius Brindescu
73a34237eaa3991ea9d3cec296639656c5341e73,Caius Brindescu
849e327be88e105cd65333f7bfd25fcdc957ea88,Caius Brindescu
8c4d5f1fc8f376901804f8872e0a331d24e7b516,Caius Brindescu
c43eac995ad24a0a29b218c7d8c56f86598a50ed,Caius Brindescu
7e6a42cce0cc21bfbcfb6ac9fa0428d23b65b7da,Caius Brindescu
4af726cc3ff66c9dd80833d23cc47a5064f4444b,Caius Brindescu
8947af62c9cf432f2335d3060f36612a4fca337c,Caius Brindescu
a050841efc32824d8e3cb3ce4c35bae26093b0f4,Caius Brindescu
653a7554aefa530893338fff84a19c5effb501b5,Caius Brindescu
cd211c42064e27dbb4e87a751e0797589a939edc,Caius Brindescu
fcbaf9ee024e8da691fdb9a6dbd89150e24c3954,Caius Brindescu
9fc04958f4bd72b067074b64514bf331c874a557,Caius Brindescu
a8164b882d30154e080760614f4ad14a718d22e1,Caius Brindescu
dee80632eb58327f112284517102320e1f0a4fff,Caius Brindescu
b7bf9b85a0b7adc8403e0871b60565658fc92f7f,Caius Brindescu
fbcd76b6124d10364895d53d50fd9a0f730eb1b3,Caius Brindescu
657a733e8f822f780ed1c899dc31012127cc4815,Caius Brindescu
3c810415a1485d2e892133dac4ff48c0fb43f014,Caius Brindescu
8a677a0698fb92a65ccf94fbc5cd0b39d5b53741,Caius Brindescu
dfe2b713b31828b26ea51e59cba986734ee45d3f,Caius Brindescu
6145ee75177ca737257e262aeaf3d51cdf59cdf8,Caius Brindescu
b2778c7c6519c005f040f7c88a53e585afd20d45,Caius Brindescu
2510dc47d3de6f573328e7e3e0345356e8721a8a,Caius Brindescu
2da2b96f6cad27f768bfba4bc144fb673b8bd8f4,Caius Brindescu
451b927e70fb9d5dce02ec49361a4ea3927ebec6,Caius Brindescu
3b0749a10933b526782258f4610ed4c2af16136f,Caius Brindescu
d321700c7c7d1aa68eb14dd396055b4922a889b1,Caius Brindescu
67c6b0e25a3a75fb17dde26484af6924ceebc6d6,Caius Brindescu
2dcd4f09d5c6144e69e9f0b3f8dd7d8c9d9d3830,Caius Brindescu
a9d897a92057b31dbdd585ac62d8945fd0e49664,Caius Brindescu
6650d4f9a7fd1b433a9c724edde2e8f207f00f92,Caius Brindescu
79c27facf076201a1202e88ed3634b8a4f65c92a,Caius Brindescu
fe58832cf93b9aceb4080a8788796771d3b76944,Caius Brindescu
0c1e0f4811c0ca9f909be5889d2434a6486ad5f9,Caius Brindescu
154d7f81e98c7f4cd0a291f752c1595331b237a8,Caius Brindescu
d828d86f64e6c0eb23288e438522d7d26a0d83a2,Caius Brindescu
32dc492887e1365adf5ff6fc76a5a28ef05ffd26,Caius Brindescu
8c18a9322cdf1696673683434a957df0f8bbb422,Caius Brindescu
22b369021997afbdb65dd91d9909052cd5468e65,Caius Brindescu
2bcc1d58223559670227dbd503abcf81c6b9e89c,Caius Brindescu
ade7e53be02b308ef3a560c7ba0c3b30061db75f,Caius Brindescu
c0d0208c4562a67e8e4f16b18f823fdf78fb4826,Caius Brindescu
81e0f878e58ccc6b2be3816f442a63bf182ac0de,Caius Brindescu
1fc64e574ad312d5137819a8a5f43b71245601d0,Caius Brindescu
bd629a18fa1f37ab0574b2a517632af84392797a,Caius Brindescu
ee1204b2a89b9a099250ed145e416eae343e1033,Caius Brindescu
2fd16e0277beea8c113f074ceb05f4cf85a3a883,Caius Brindescu
a9b8d0f451df5f0c3765f6a3060200126bfc4c8b,Caius Brindescu
29622bc80406e0f54be50193d1950773eed5cb49,Caius Brindescu
e6e18c6ad7dc6dec51c66b695c057270534ca0f7,Caius Brindescu
